cd_acao_rdz;nm_empresa;setor_economico;subsetor;segmento;segmento_b3;cd_acao;cnpj
CSAN;COSAN;PETRÓLEO, GÁS E BIOCOMBUSTÍVEIS;PETRÓLEO, GÁS E BIOCOMBUSTÍVEIS;EXPLORAÇÃO, REFINO E DISTRIBUIÇÃO;NM;CSAN3;50.746.577/0001-15
DMMO;DOMMO;PETRÓLEO, GÁS E BIOCOMBUSTÍVEIS;PETRÓLEO, GÁS E BIOCOMBUSTÍVEIS;EXPLORAÇÃO, REFINO E DISTRIBUIÇÃO;;DMMO11, DMMO3;08.926.302/0001-05
ENAT;ENAUTA PART;PETRÓLEO, GÁS E BIOCOMBUSTÍVEIS;PETRÓLEO, GÁS E BIOCOMBUSTÍVEIS;EXPLORAÇÃO, REFINO E DISTRIBUIÇÃO;NM;ENAT3;11.669.021/0001-10
RPMG;PET MANGUINH;PETRÓLEO, GÁS E BIOCOMBUSTÍVEIS;PETRÓLEO, GÁS E BIOCOMBUSTÍVEIS;EXPLORAÇÃO, REFINO E DISTRIBUIÇÃO;;RPMG3;33.412.081/0001-96
PETR;PETROBRAS;PETRÓLEO, GÁS E BIOCOMBUSTÍVEIS;PETRÓLEO, GÁS E BIOCOMBUSTÍVEIS;EXPLORAÇÃO, REFINO E DISTRIBUIÇÃO;N2;PETR4, PETR3;33.000.167/0001-01
BRDT;PETROBRAS BR;PETRÓLEO, GÁS E BIOCOMBUSTÍVEIS;PETRÓLEO, GÁS E BIOCOMBUSTÍVEIS;EXPLORAÇÃO, REFINO E DISTRIBUIÇÃO;NM;BRDT3;34.274.233/0001-02
PRIO;PETRORIO;PETRÓLEO, GÁS E BIOCOMBUSTÍVEIS;PETRÓLEO, GÁS E BIOCOMBUSTÍVEIS;EXPLORAÇÃO, REFINO E DISTRIBUIÇÃO;NM;PRIO3;10.629.105/0001-68
UGPA;ULTRAPAR;PETRÓLEO, GÁS E BIOCOMBUSTÍVEIS;PETRÓLEO, GÁS E BIOCOMBUSTÍVEIS;EXPLORAÇÃO, REFINO E DISTRIBUIÇÃO;NM;UGPA3;33.256.439/0001-39
LUPA;LUPATECH;PETRÓLEO, GÁS E BIOCOMBUSTÍVEIS;PETRÓLEO, GÁS E BIOCOMBUSTÍVEIS;EQUIPAMENTOS E SERVIÇOS;NM;LUPA3;89.463.822/0001-12
OSXB;OSX BRASIL;PETRÓLEO, GÁS E BIOCOMBUSTÍVEIS;PETRÓLEO, GÁS E BIOCOMBUSTÍVEIS;EQUIPAMENTOS E SERVIÇOS;NM;OSXB3;09.112.685/0001-32
BRAP;BRADESPAR;MATERIAIS BÁSICOS;MINERAÇÃO;MINERAIS METÁLICOS;N1;BRAP4, BRAP3;03.847.461/0001-92
LTEL;LITEL;MATERIAIS BÁSICOS;MINERAÇÃO;MINERAIS METÁLICOS;MB;LTEL3B;00.743.065/0001-27
LTLA;LITELA;MATERIAIS BÁSICOS;MINERAÇÃO;MINERAIS METÁLICOS;MB;LTLA3B;05.495.546/0001-84
MMXM;MMX MINER;MATERIAIS BÁSICOS;MINERAÇÃO;MINERAIS METÁLICOS;NM;MMXM3;02.762.115/0001-49
VALE;VALE;MATERIAIS BÁSICOS;MINERAÇÃO;MINERAIS METÁLICOS;NM;VALE3;33.592.510/0001-54
FESA;FERBASA;MATERIAIS BÁSICOS;SIDERURGIA E METALURGIA;SIDERURGIA;N1;FESA4, FESA3;15.141.799/0001-03
GGBR;GERDAU;MATERIAIS BÁSICOS;SIDERURGIA E METALURGIA;SIDERURGIA;N1;GGBR3, GGBR4;33.611.500/0001-19
GOAU;GERDAU MET;MATERIAIS BÁSICOS;SIDERURGIA E METALURGIA;SIDERURGIA;N1;GOAU3, GOAU4;92.690.783/0001-09
CSNA;SID NACIONAL;MATERIAIS BÁSICOS;SIDERURGIA E METALURGIA;SIDERURGIA;;CSNA3;33.042.730/0001-04
USIM;USIMINAS;MATERIAIS BÁSICOS;SIDERURGIA E METALURGIA;SIDERURGIA;N1;USIM6, USIM5, USIM3;60.894.730/0001-05
MGEL;MANGELS INDL;MATERIAIS BÁSICOS;SIDERURGIA E METALURGIA;ARTEFATOS DE FERRO E AÇO;;MGEL3, MGEL4;61.065.298/0001-02
PATI;PANATLANTICA;MATERIAIS BÁSICOS;SIDERURGIA E METALURGIA;ARTEFATOS DE FERRO E AÇO;;PATI3, PATI4;92.693.019/0001-89
TKNO;TEKNO;MATERIAIS BÁSICOS;SIDERURGIA E METALURGIA;ARTEFATOS DE FERRO E AÇO;;TKNO3, TKNO4;33.467.572/0001-34
PMAM;PARANAPANEMA;MATERIAIS BÁSICOS;SIDERURGIA E METALURGIA;ARTEFATOS DE COBRE;NM;PMAM3;60.398.369/0004-79
BRKM;BRASKEM;MATERIAIS BÁSICOS;QUÍMICOS;PETROQUÍMICOS;N1;BRKM6, BRKM5, BRKM3;42.150.391/0001-70
ELEK;ELEKEIROZ;MATERIAIS BÁSICOS;QUÍMICOS;PETROQUÍMICOS;;ELEK3, ELEK4;13.788.120/0001-47
GPCP;GPC PART;MATERIAIS BÁSICOS;QUÍMICOS;PETROQUÍMICOS;;GPCP3, GPCP4;02.193.750/0001-52
FHER;FER HERINGER;MATERIAIS BÁSICOS;QUÍMICOS;FERTILIZANTES E DEFENSIVOS;NM;FHER3;22.266.175/0001-88
NUTR;NUTRIPLANT;MATERIAIS BÁSICOS;QUÍMICOS;FERTILIZANTES E DEFENSIVOS;MA;;
CRPG;CRISTAL;MATERIAIS BÁSICOS;QUÍMICOS;QUÍMICOS DIVERSOS;;CRPG3, CRPG5, CRPG6;15.115.504/0001-24
UNIP;UNIPAR;MATERIAIS BÁSICOS;QUÍMICOS;QUÍMICOS DIVERSOS;;UNIP3, UNIP5, UNIP6;33.958.695/0001-78
DTEX;DURATEX;MATERIAIS BÁSICOS;MADEIRA E PAPEL;MADEIRA;NM;DTEX3;97.837.181/0001-47
EUCA;EUCATEX;MATERIAIS BÁSICOS;MADEIRA E PAPEL;MADEIRA;N1;EUCA4, EUCA3;56.643.018/0001-66
RANI;IRANI;MATERIAIS BÁSICOS;MADEIRA E PAPEL;PAPEL E CELULOSE;;RANI3, RANI4;92.791.243/0001-03
KLBN;KLABIN S/A;MATERIAIS BÁSICOS;MADEIRA E PAPEL;PAPEL E CELULOSE;N2;KLBN11, KLBN3, KLBN4;89.637.490/0001-45
MSPA;MELHOR SP;MATERIAIS BÁSICOS;MADEIRA E PAPEL;PAPEL E CELULOSE;;MSPA3, MSPA4;60.730.348/0001-66
STTZ;SANTHER;MATERIAIS BÁSICOS;MADEIRA E PAPEL;PAPEL E CELULOSE;;;
NEMO;SUZANO HOLD;MATERIAIS BÁSICOS;MADEIRA E PAPEL;PAPEL E CELULOSE;;NEMO3, NEMO5, NEMO6;60.651.809/0001-05
SUZB;SUZANO S.A.;MATERIAIS BÁSICOS;MADEIRA E PAPEL;PAPEL E CELULOSE;NM;SUZB3;16.404.287/0001-55
MTIG;METAL IGUACU;MATERIAIS BÁSICOS;EMBALAGENS;EMBALAGENS;;MTIG3, MTIG4;80.227.184/0001-66
SNSY;SANSUY;MATERIAIS BÁSICOS;MATERIAIS DIVERSOS;MATERIAIS DIVERSOS;;SNSY3, SNSY5, SNSY6;14.807.945/0001-24
ETER;ETERNIT;BENS INDUSTRIAIS;CONSTRUÇÃO E ENGENHARIA;PRODUTOS PARA CONSTRUÇÃO;NM;ETER3;61.092.037/0001-81
HAGA;HAGA S/A;BENS INDUSTRIAIS;CONSTRUÇÃO E ENGENHARIA;PRODUTOS PARA CONSTRUÇÃO;;HAGA3, HAGA4;30.540.991/0001-66
PTBL;PORTOBELLO;BENS INDUSTRIAIS;CONSTRUÇÃO E ENGENHARIA;PRODUTOS PARA CONSTRUÇÃO;NM;PTBL3;83.475.913/0001-91
AZEV;AZEVEDO;BENS INDUSTRIAIS;CONSTRUÇÃO E ENGENHARIA;CONSTRUÇÃO PESADA;;AZEV3, AZEV4;61.351.532/0001-68
SOND;SONDOTECNICA;BENS INDUSTRIAIS;CONSTRUÇÃO E ENGENHARIA;ENGENHARIA CONSULTIVA;;SOND3, SOND5, SOND6;33.386.210/0001-19
TCNO;TECNOSOLO;BENS INDUSTRIAIS;CONSTRUÇÃO E ENGENHARIA;ENGENHARIA CONSULTIVA;;TCNO3, TCNO4;33.111.246/0001-90
MILS;MILLS;BENS INDUSTRIAIS;CONSTRUÇÃO E ENGENHARIA;SERVIÇOS DIVERSOS;NM;MILS3;27.093.558/0001-15
EMBR;EMBRAER;BENS INDUSTRIAIS;MATERIAL DE TRANSPORTE;MATERIAL AERONÁUTICO E DE DEFESA;NM;EMBR3;07.689.002/0001-89
FRAS;FRAS-LE;BENS INDUSTRIAIS;MATERIAL DE TRANSPORTE;MATERIAL RODOVIÁRIO;N1;FRAS3;88.610.126/0001-29
POMO;MARCOPOLO;BENS INDUSTRIAIS;MATERIAL DE TRANSPORTE;MATERIAL RODOVIÁRIO;N2;POMO4, POMO3;88.611.835/0001-29
RAPT;RANDON PART;BENS INDUSTRIAIS;MATERIAL DE TRANSPORTE;MATERIAL RODOVIÁRIO;N1;RAPT4, RAPT3;89.086.144/0001-16
RCSL;RECRUSUL;BENS INDUSTRIAIS;MATERIAL DE TRANSPORTE;MATERIAL RODOVIÁRIO;;RCSL3, RCSL4;91.333.666/0001-17
RSUL;RIOSULENSE;BENS INDUSTRIAIS;MATERIAL DE TRANSPORTE;MATERIAL RODOVIÁRIO;;RSUL3, RSUL4;85.778.074/0001-06
TUPY;TUPY;BENS INDUSTRIAIS;MATERIAL DE TRANSPORTE;MATERIAL RODOVIÁRIO;NM;TUPY3;84.683.374/0001-49
MWET;WETZEL S/A;BENS INDUSTRIAIS;MATERIAL DE TRANSPORTE;MATERIAL RODOVIÁRIO;;MWET3, MWET4;84.683.671/0001-94
SHUL;SCHULZ;BENS INDUSTRIAIS;MÁQUINAS E EQUIPAMENTOS;MOTORES, COMPRESSORES E OUTROS;;SHUL4, SHUL3;84.693.183/0001-68
WEGE;WEG;BENS INDUSTRIAIS;MÁQUINAS E EQUIPAMENTOS;MOTORES, COMPRESSORES E OUTROS;NM;WEGE3;84.429.695/0001-11
EALT;ACO ALTONA;BENS INDUSTRIAIS;MÁQUINAS E EQUIPAMENTOS;MÁQ. E EQUIP. INDUSTRIAIS;;EALT3, EALT4;82.643.537/0001-34
BDLL;BARDELLA;BENS INDUSTRIAIS;MÁQUINAS E EQUIPAMENTOS;MÁQ. E EQUIP. INDUSTRIAIS;;BDLL4, BDLL3;60.851.615/0001-53
ROMI;INDS ROMI;BENS INDUSTRIAIS;MÁQUINAS E EQUIPAMENTOS;MÁQ. E EQUIP. INDUSTRIAIS;NM;ROMI3;56.720.428/0001-63
INEP;INEPAR;BENS INDUSTRIAIS;MÁQUINAS E EQUIPAMENTOS;MÁQ. E EQUIP. INDUSTRIAIS;;INEP4, INEP3;76.627.504/0001-06
KEPL;KEPLER WEBER;BENS INDUSTRIAIS;MÁQUINAS E EQUIPAMENTOS;MÁQ. E EQUIP. INDUSTRIAIS;;KEPL3;91.983.056/0001-69
FRIO;METALFRIO;BENS INDUSTRIAIS;MÁQUINAS E EQUIPAMENTOS;MÁQ. E EQUIP. INDUSTRIAIS;NM;FRIO3;04.821.041/0001-08
NORD;NORDON MET;BENS INDUSTRIAIS;MÁQUINAS E EQUIPAMENTOS;MÁQ. E EQUIP. INDUSTRIAIS;;NORD3;60.884.319/0001-59
PTCA;PRATICA;BENS INDUSTRIAIS;MÁQUINAS E EQUIPAMENTOS;MÁQ. E EQUIP. INDUSTRIAIS;M2;PTCA11, PTCA3;08.574.411/0001-00
MTSA;METISA;BENS INDUSTRIAIS;MÁQUINAS E EQUIPAMENTOS;MÁQ. E EQUIP. CONSTRUÇÃO E AGRÍCOLAS;;MTSA3, MTSA4;86.375.425/0001-09
STTR;STARA;BENS INDUSTRIAIS;MÁQUINAS E EQUIPAMENTOS;MÁQ. E EQUIP. CONSTRUÇÃO E AGRÍCOLAS;MA;;
TASA;TAURUS ARMAS;BENS INDUSTRIAIS;MÁQUINAS E EQUIPAMENTOS;ARMAS E MUNIÇÕES;N2;TASA13, TASA15, TASA17, TASA3, TASA4;92.781.335/0001-02
AZUL;AZUL;BENS INDUSTRIAIS;TRANSPORTE;TRANSPORTE AÉREO;N2;AZUL4;09.305.994/0001-29
GOLL;GOL;BENS INDUSTRIAIS;TRANSPORTE;TRANSPORTE AÉREO;N2;GOLL11, GOLL4;06.164.253/0001-87
FRRN;ALL NORTE;BENS INDUSTRIAIS;TRANSPORTE;TRANSPORTE FERROVIÁRIO;MB;FRRN3B, FRRN5B, FRRN6B;24.962.466/0001-36
GASC;ALL PAULISTA;BENS INDUSTRIAIS;TRANSPORTE;TRANSPORTE FERROVIÁRIO;MB;;
RLOG;COSAN LOG;BENS INDUSTRIAIS;TRANSPORTE;TRANSPORTE FERROVIÁRIO;NM;RLOG3;17.346.997/0001-39
VSPT;FER C ATLANT;BENS INDUSTRIAIS;TRANSPORTE;TRANSPORTE FERROVIÁRIO;;VSPT3, VSPT4;00.924.429/0001-75
MRSA;MRS LOGIST;BENS INDUSTRIAIS;TRANSPORTE;TRANSPORTE FERROVIÁRIO;MB;MRSA3B, MRSA5B, MRSA6B;01.417.222/0001-77
RAIL;RUMO S.A.;BENS INDUSTRIAIS;TRANSPORTE;TRANSPORTE FERROVIÁRIO;NM;RAIL3;02.387.241/0001-60
LOGN;LOG-IN;BENS INDUSTRIAIS;TRANSPORTE;TRANSPORTE HIDROVIÁRIO;NM;LOGN3;42.278.291/0001-24
LUXM;TREVISA;BENS INDUSTRIAIS;TRANSPORTE;TRANSPORTE HIDROVIÁRIO;;LUXM3, LUXM4;92.660.570/0001-26
JSLG;JSL;BENS INDUSTRIAIS;TRANSPORTE;TRANSPORTE RODOVIÁRIO;NM;JSLG3;52.548.435/0001-79
TGMA;TEGMA;BENS INDUSTRIAIS;TRANSPORTE;TRANSPORTE RODOVIÁRIO;NM;TGMA3;02.351.144/0001-18
ANHB;AUTOBAN;BENS INDUSTRIAIS;TRANSPORTE;EXPLORAÇÃO DE RODOVIAS;;;
CCRO;CCR SA;BENS INDUSTRIAIS;TRANSPORTE;EXPLORAÇÃO DE RODOVIAS;NM;CCRO3;02.846.056/0001-97
RPTA;CONC RAPOSO;BENS INDUSTRIAIS;TRANSPORTE;EXPLORAÇÃO DE RODOVIAS;;;
CRTE;CONC RIO TER;BENS INDUSTRIAIS;TRANSPORTE;EXPLORAÇÃO DE RODOVIAS;MB;CRTE3B, CRTE5B;00.938.574/0001-05
ERDV;ECON;BENS INDUSTRIAIS;TRANSPORTE;EXPLORAÇÃO DE RODOVIAS;;;
ECNT;ECONORTE;BENS INDUSTRIAIS;TRANSPORTE;EXPLORAÇÃO DE RODOVIAS;;;
ASCP;ECOPISTAS;BENS INDUSTRIAIS;TRANSPORTE;EXPLORAÇÃO DE RODOVIAS;;;
ECOR;ECORODOVIAS;BENS INDUSTRIAIS;TRANSPORTE;EXPLORAÇÃO DE RODOVIAS;NM;ECOR3;04.149.454/0001-80
ECOV;ECOVIAS;BENS INDUSTRIAIS;TRANSPORTE;EXPLORAÇÃO DE RODOVIAS;;;
COLN;ROD COLINAS;BENS INDUSTRIAIS;TRANSPORTE;EXPLORAÇÃO DE RODOVIAS;;;
RDVT;ROD TIETE;BENS INDUSTRIAIS;TRANSPORTE;EXPLORAÇÃO DE RODOVIAS;;;
CRBD;RT BANDEIRAS;BENS INDUSTRIAIS;TRANSPORTE;EXPLORAÇÃO DE RODOVIAS;;;
TRIA;TRIANGULOSOL;BENS INDUSTRIAIS;TRANSPORTE;EXPLORAÇÃO DE RODOVIAS;;;
TPIS;TRIUNFO PART;BENS INDUSTRIAIS;TRANSPORTE;EXPLORAÇÃO DE RODOVIAS;NM;TPIS3;03.014.553/0001-91
VOES;VIAOESTE;BENS INDUSTRIAIS;TRANSPORTE;EXPLORAÇÃO DE RODOVIAS;;;
AGRU;GRUAIRPORT;BENS INDUSTRIAIS;TRANSPORTE;SERVIÇOS DE APOIO E ARMAZENAGEM;MB;;
PSVM;PORTO VM;BENS INDUSTRIAIS;TRANSPORTE;SERVIÇOS DE APOIO E ARMAZENAGEM;;PSVM11;18.494.485/0001-82
IVPR;INVEPAR;BENS INDUSTRIAIS;TRANSPORTE;SERVIÇOS DE APOIO E ARMAZENAGEM;MB;IVPR4B, IVPR3B;03.758.318/0001-24
SAIP;SALUS INFRA;BENS INDUSTRIAIS;TRANSPORTE;SERVIÇOS DE APOIO E ARMAZENAGEM;;;
STBP;SANTOS BRP;BENS INDUSTRIAIS;TRANSPORTE;SERVIÇOS DE APOIO E ARMAZENAGEM;N2;STBP3;02.762.121/0001-04
WSON;WILSON SONS;BENS INDUSTRIAIS;TRANSPORTE;SERVIÇOS DE APOIO E ARMAZENAGEM;DR3;WSON33;05.721.735/0001-28
ATMP;ATMASA;BENS INDUSTRIAIS;SERVIÇOS DIVERSOS;SERVIÇOS DIVERSOS;NM;;
BBML;BBMLOGISTICA;BENS INDUSTRIAIS;SERVIÇOS DIVERSOS;SERVIÇOS DIVERSOS;MA;BBML3;01.107.327/0001-20
CARD;CSU CARDSYST;BENS INDUSTRIAIS;SERVIÇOS DIVERSOS;SERVIÇOS DIVERSOS;NM;CARD3;01.896.779/0001-38
DTCY;DTCOM-DIRECT;BENS INDUSTRIAIS;SERVIÇOS DIVERSOS;SERVIÇOS DIVERSOS;;DTCY3, DTCY4;03.303.999/0001-36
FLEX;FLEX S/A;BENS INDUSTRIAIS;SERVIÇOS DIVERSOS;SERVIÇOS DIVERSOS;MA;FLEX3;10.851.805/0001-00
PRNR;PRINER;BENS INDUSTRIAIS;SERVIÇOS DIVERSOS;SERVIÇOS DIVERSOS;MA;PRNR3;18.593.815/0001-97
VLID;VALID;BENS INDUSTRIAIS;SERVIÇOS DIVERSOS;SERVIÇOS DIVERSOS;NM;VLID3;33.113.309/0001-47
BTTL;BATTISTELLA;BENS INDUSTRIAIS;COMÉRCIO;MATERIAL DE TRANSPORTE;;BTTL3;42.331.462/0001-31
MMAQ;MINASMAQUINA;BENS INDUSTRIAIS;COMÉRCIO;MATERIAL DE TRANSPORTE;;MMAQ3, MMAQ4;17.161.241/0001-15
WLMM;WLM IND COM;BENS INDUSTRIAIS;COMÉRCIO;MATERIAL DE TRANSPORTE;;WLMM3, WLMM4;33.228.024/0001-51
APTI;ALIPERTI;CONSUMO NÃO CÍCLICO;AGROPECUÁRIA;AGRICULTURA;;APTI3, APTI4;61.156.931/0001-78
AGRO;BRASILAGRO;CONSUMO NÃO CÍCLICO;AGROPECUÁRIA;AGRICULTURA;NM;AGRO3;07.628.528/0001-59
FRTA;POMIFRUTAS;CONSUMO NÃO CÍCLICO;AGROPECUÁRIA;AGRICULTURA;NM;FRTA3;86.550.951/0001-50
SLCE;SLC AGRICOLA;CONSUMO NÃO CÍCLICO;AGROPECUÁRIA;AGRICULTURA;NM;SLCE3;89.096.457/0001-55
TESA;TERRA SANTA;CONSUMO NÃO CÍCLICO;AGROPECUÁRIA;AGRICULTURA;NM;TESA12, TESA3;05.799.312/0001-20
BSEV;BIOSEV;CONSUMO NÃO CÍCLICO;ALIMENTOS PROCESSADOS;AÇUCAR E ALCOOL;NM;BSEV3;15.527.906/0001-36
RESA;RAIZEN ENERG;CONSUMO NÃO CÍCLICO;ALIMENTOS PROCESSADOS;AÇUCAR E ALCOOL;;;
SMTO;SAO MARTINHO;CONSUMO NÃO CÍCLICO;ALIMENTOS PROCESSADOS;AÇUCAR E ALCOOL;NM;SMTO3;51.466.860/0001-56
BRFS;BRF SA;CONSUMO NÃO CÍCLICO;ALIMENTOS PROCESSADOS;CARNES E DERIVADOS;NM;BRFS3;01.838.723/0001-27
BAUH;EXCELSIOR;CONSUMO NÃO CÍCLICO;ALIMENTOS PROCESSADOS;CARNES E DERIVADOS;;BAUH3, BAUH4;95.426.862/0001-97
JBSS;JBS;CONSUMO NÃO CÍCLICO;ALIMENTOS PROCESSADOS;CARNES E DERIVADOS;NM;JBSS3;02.916.265/0001-60
MRFG;MARFRIG;CONSUMO NÃO CÍCLICO;ALIMENTOS PROCESSADOS;CARNES E DERIVADOS;NM;MRFG3;03.853.896/0001-40
BEEF;MINERVA;CONSUMO NÃO CÍCLICO;ALIMENTOS PROCESSADOS;CARNES E DERIVADOS;NM;BEEF3, BEEF11;67.620.377/0001-14
MNPR;MINUPAR;CONSUMO NÃO CÍCLICO;ALIMENTOS PROCESSADOS;CARNES E DERIVADOS;;MNPR3;90.076.886/0001-40
CAML;CAMIL;CONSUMO NÃO CÍCLICO;ALIMENTOS PROCESSADOS;ALIMENTOS DIVERSOS;NM;CAML3;64.904.295/0001-03
JMCD;J.MACEDO;CONSUMO NÃO CÍCLICO;ALIMENTOS PROCESSADOS;ALIMENTOS DIVERSOS;;;
JOPA;JOSAPAR;CONSUMO NÃO CÍCLICO;ALIMENTOS PROCESSADOS;ALIMENTOS DIVERSOS;;JOPA3, JOPA4;87.456.562/0001-22
MDIA;M.DIASBRANCO;CONSUMO NÃO CÍCLICO;ALIMENTOS PROCESSADOS;ALIMENTOS DIVERSOS;NM;MDIA3;07.206.816/0001-15
ODER;ODERICH;CONSUMO NÃO CÍCLICO;ALIMENTOS PROCESSADOS;ALIMENTOS DIVERSOS;;ODER3, ODER4;97.191.902/0001-94
ABEV;AMBEV S/A;CONSUMO NÃO CÍCLICO;BEBIDAS;CERVEJAS E REFRIGERANTES;;ABEV3;07.526.557/0001-00
NTCO;GRUPO NATURA;CONSUMO NÃO CÍCLICO;PRODUTOS DE USO PESSOAL E DE LIMPEZA;PRODUTOS DE USO PESSOAL;NM;NTCO3;32.785.497/0001-97
BOBR;BOMBRIL;CONSUMO NÃO CÍCLICO;PRODUTOS DE USO PESSOAL E DE LIMPEZA;PRODUTOS DE LIMPEZA;;BOBR3, BOBR4;50.564.053/0001-03
CRFB;CARREFOUR BR;CONSUMO NÃO CÍCLICO;COMÉRCIO E DISTRIBUIÇÃO;ALIMENTOS;NM;CRFB3;75.315.333/0001-09
PCAR;P.ACUCAR-CBD;CONSUMO NÃO CÍCLICO;COMÉRCIO E DISTRIBUIÇÃO;ALIMENTOS;N1;PCAR3;47.508.411/0001-56
CALI;CONST A LIND;CONSUMO CÍCLICO;CONSTRUÇÃO CIVIL;INCORPORAÇÕES;;CALI3, CALI4;61.022.042/0001-18
CRDE;CR2;CONSUMO CÍCLICO;CONSTRUÇÃO CIVIL;INCORPORAÇÕES;NM;CRDE3;07.820.907/0001-46
CYRE;CYRELA REALT;CONSUMO CÍCLICO;CONSTRUÇÃO CIVIL;INCORPORAÇÕES;NM;CYRE3;73.178.600/0001-18
DIRR;DIRECIONAL;CONSUMO CÍCLICO;CONSTRUÇÃO CIVIL;INCORPORAÇÕES;NM;DIRR3;16.614.075/0001-00
EVEN;EVEN;CONSUMO CÍCLICO;CONSTRUÇÃO CIVIL;INCORPORAÇÕES;NM;EVEN3;43.470.988/0001-65
EZTC;EZTEC;CONSUMO CÍCLICO;CONSTRUÇÃO CIVIL;INCORPORAÇÕES;NM;EZTC3;08.312.229/0001-73
GFSA;GAFISA;CONSUMO CÍCLICO;CONSTRUÇÃO CIVIL;INCORPORAÇÕES;NM;GFSA3;01.545.826/0001-07
HBOR;HELBOR;CONSUMO CÍCLICO;CONSTRUÇÃO CIVIL;INCORPORAÇÕES;NM;HBOR3;49.263.189/0001-02
INNT;INTER SA;CONSUMO CÍCLICO;CONSTRUÇÃO CIVIL;INCORPORAÇÕES;MA;INNT3;09.611.768/0001-76
JHSF;JHSF PART;CONSUMO CÍCLICO;CONSTRUÇÃO CIVIL;INCORPORAÇÕES;NM;JHSF3;08.294.224/0001-65
JFEN;JOAO FORTES;CONSUMO CÍCLICO;CONSTRUÇÃO CIVIL;INCORPORAÇÕES;;JFEN3;33.035.536/0001-00
MTRE;MITRE REALTY;CONSUMO CÍCLICO;CONSTRUÇÃO CIVIL;INCORPORAÇÕES;NM;MTRE3;07.882.930/0001-65
MDNE;MOURA DUBEUX;CONSUMO CÍCLICO;CONSTRUÇÃO CIVIL;INCORPORAÇÕES;NM;MDNE3;12.049.631/0001-84
MRVE;MRV;CONSUMO CÍCLICO;CONSTRUÇÃO CIVIL;INCORPORAÇÕES;NM;MRVE3;08.343.492/0001-20
PDGR;PDG REALT;CONSUMO CÍCLICO;CONSTRUÇÃO CIVIL;INCORPORAÇÕES;NM;PDGR3;02.950.811/0001-89
RDNI;RNI;CONSUMO CÍCLICO;CONSTRUÇÃO CIVIL;INCORPORAÇÕES;NM;RDNI3;67.010.660/0001-24
RSID;ROSSI RESID;CONSUMO CÍCLICO;CONSTRUÇÃO CIVIL;INCORPORAÇÕES;NM;RSID3;61.065.751/0001-80
TCSA;TECNISA;CONSUMO CÍCLICO;CONSTRUÇÃO CIVIL;INCORPORAÇÕES;NM;TCSA3;08.065.557/0001-12
TEND;TENDA;CONSUMO CÍCLICO;CONSTRUÇÃO CIVIL;INCORPORAÇÕES;NM;TEND3;71.476.527/0001-35
TRIS;TRISUL;CONSUMO CÍCLICO;CONSTRUÇÃO CIVIL;INCORPORAÇÕES;NM;TRIS3;08.811.643/0001-27
VIVR;VIVER;CONSUMO CÍCLICO;CONSTRUÇÃO CIVIL;INCORPORAÇÕES;NM;VIVR3;67.571.414/0001-41
CEDO;CEDRO;CONSUMO CÍCLICO;TECIDOS, VESTUÁRIO E CALÇADOS;FIOS E TECIDOS;N1;CEDO4, CEDO3;17.245.234/0001-00
CTNM;COTEMINAS;CONSUMO CÍCLICO;TECIDOS, VESTUÁRIO E CALÇADOS;FIOS E TECIDOS;;CTNM4, CTNM3;22.677.520/0001-76
DOHL;DOHLER;CONSUMO CÍCLICO;TECIDOS, VESTUÁRIO E CALÇADOS;FIOS E TECIDOS;;DOHL3, DOHL4;84.683.408/0001-03
ECPR;ENCORPAR;CONSUMO CÍCLICO;TECIDOS, VESTUÁRIO E CALÇADOS;FIOS E TECIDOS;;ECPR3, ECPR4;01.971.614/0001-83
CATA;IND CATAGUAS;CONSUMO CÍCLICO;TECIDOS, VESTUÁRIO E CALÇADOS;FIOS E TECIDOS;;CATA3, CATA4;19.526.748/0001-50
CTKA;KARSTEN;CONSUMO CÍCLICO;TECIDOS, VESTUÁRIO E CALÇADOS;FIOS E TECIDOS;;CTKA4, CTKA3;82.640.558/0001-04
PTNT;PETTENATI;CONSUMO CÍCLICO;TECIDOS, VESTUÁRIO E CALÇADOS;FIOS E TECIDOS;;PTNT3, PTNT4;88.613.658/0001-10
CTSA;SANTANENSE;CONSUMO CÍCLICO;TECIDOS, VESTUÁRIO E CALÇADOS;FIOS E TECIDOS;;CTSA3, CTSA4, CTSA8;21.255.567/0001-89
SGPS;SPRINGS;CONSUMO CÍCLICO;TECIDOS, VESTUÁRIO E CALÇADOS;FIOS E TECIDOS;NM;SGPS3;07.718.269/0001-57
TEKA;TEKA;CONSUMO CÍCLICO;TECIDOS, VESTUÁRIO E CALÇADOS;FIOS E TECIDOS;;TEKA3, TEKA4;82.636.986/0001-55
TXRX;TEX RENAUX;CONSUMO CÍCLICO;TECIDOS, VESTUÁRIO E CALÇADOS;FIOS E TECIDOS;;;
HGTX;CIA HERING;CONSUMO CÍCLICO;TECIDOS, VESTUÁRIO E CALÇADOS;VESTUÁRIO;NM;HGTX3;78.876.950/0001-71
ALPA;ALPARGATAS;CONSUMO CÍCLICO;TECIDOS, VESTUÁRIO E CALÇADOS;CALÇADOS;N1;ALPA3, ALPA4;61.079.117/0001-05
CAMB;CAMBUCI;CONSUMO CÍCLICO;TECIDOS, VESTUÁRIO E CALÇADOS;CALÇADOS;;CAMB3;61.088.894/0001-08
GRND;GRENDENE;CONSUMO CÍCLICO;TECIDOS, VESTUÁRIO E CALÇADOS;CALÇADOS;NM;GRND3;89.850.341/0001-60
VULC;VULCABRAS;CONSUMO CÍCLICO;TECIDOS, VESTUÁRIO E CALÇADOS;CALÇADOS;NM;VULC3;50.926.955/0001-42
MNDL;MUNDIAL;CONSUMO CÍCLICO;TECIDOS, VESTUÁRIO E CALÇADOS;ACESSÓRIOS;;MNDL3;88.610.191/0001-54
TECN;TECHNOS;CONSUMO CÍCLICO;TECIDOS, VESTUÁRIO E CALÇADOS;ACESSÓRIOS;NM;TECN3;09.295.063/0001-97
VIVA;VIVARA S.A.;CONSUMO CÍCLICO;TECIDOS, VESTUÁRIO E CALÇADOS;ACESSÓRIOS;NM;VIVA3;33.839.910/0001-11
WHRL;WHIRLPOOL;CONSUMO CÍCLICO;UTILIDADES DOMÉSTICAS;ELETRODOMÉSTICOS;;WHRL3;59.105.999/0001-86
UCAS;UNICASA;CONSUMO CÍCLICO;UTILIDADES DOMÉSTICAS;MÓVEIS;NM;UCAS3;90.441.460/0001-48
HETA;HERCULES;CONSUMO CÍCLICO;UTILIDADES DOMÉSTICAS;UTENSÍLIOS DOMÉSTICOS;;HETA3, HETA4;92.749.225/0001-63
MYPK;IOCHP-MAXION;CONSUMO CÍCLICO;AUTOMÓVEIS E MOTOCICLETAS;AUTOMÓVEIS E MOTOCICLETAS;NM;MYPK3;61.156.113/0001-75
LEVE;METAL LEVE;CONSUMO CÍCLICO;AUTOMÓVEIS E MOTOCICLETAS;AUTOMÓVEIS E MOTOCICLETAS;NM;LEVE3;60.476.884/0001-87
PLAS;PLASCAR PART;CONSUMO CÍCLICO;AUTOMÓVEIS E MOTOCICLETAS;AUTOMÓVEIS E MOTOCICLETAS;;PLAS3;51.928.174/0001-50
HOOT;HOTEIS OTHON;CONSUMO CÍCLICO;HOTEIS E RESTAURANTES;HOTELARIA;;HOOT4;33.200.049/0001-47
BKBR;BK BRASIL;CONSUMO CÍCLICO;HOTEIS E RESTAURANTES;RESTAURANTE E SIMILARES;NM;BKBR3;13.574.594/0001-96
MEAL;IMC S/A;CONSUMO CÍCLICO;HOTEIS E RESTAURANTES;RESTAURANTE E SIMILARES;NM;MEAL3;17.314.329/0001-20
BMKS;BIC MONARK;CONSUMO CÍCLICO;VIAGENS E LAZER;BICICLETAS;;BMKS3;56.992.423/0001-90
ESTR;ESTRELA;CONSUMO CÍCLICO;VIAGENS E LAZER;BRINQUEDOS E JOGOS;;ESTR4, ESTR3;61.082.004/0001-50
AHEB;SPTURIS;CONSUMO CÍCLICO;VIAGENS E LAZER;PRODUÇÃO DE EVENTOS E SHOWS;;AHEB3, AHEB5, AHEB6;62.002.886/0001-60
SHOW;TIME FOR FUN;CONSUMO CÍCLICO;VIAGENS E LAZER;PRODUÇÃO DE EVENTOS E SHOWS;NM;SHOW3;02.860.694/0001-62
CVCB;CVC BRASIL;CONSUMO CÍCLICO;VIAGENS E LAZER;VIAGENS E TURISMO;NM;CVCB3;10.760.260/0001-19
SMFT;SMART FIT;CONSUMO CÍCLICO;VIAGENS E LAZER;ATIVIDADES ESPORTIVAS;M2;SMFT3;07.594.978/0001-78
ANIM;ANIMA;CONSUMO CÍCLICO;DIVERSOS;SERVIÇOS EDUCACIONAIS;NM;ANIM3;09.288.252/0001-32
BAHI;BAHEMA;CONSUMO CÍCLICO;DIVERSOS;SERVIÇOS EDUCACIONAIS;MA;BAHI3;45.987.245/0001-92
COGN;COGNA ON;CONSUMO CÍCLICO;DIVERSOS;SERVIÇOS EDUCACIONAIS;NM;COGN3;02.800.026/0001-40
SEER;SER EDUCA;CONSUMO CÍCLICO;DIVERSOS;SERVIÇOS EDUCACIONAIS;NM;SEER3;04.986.320/0001-13
YDUQ;YDUQS PART;CONSUMO CÍCLICO;DIVERSOS;SERVIÇOS EDUCACIONAIS;NM;YDUQ3;08.807.432/0001-10
RENT;LOCALIZA;CONSUMO CÍCLICO;DIVERSOS;ALUGUEL DE CARROS;NM;RENT3;16.670.085/0001-55
LCAM;LOCAMERICA;CONSUMO CÍCLICO;DIVERSOS;ALUGUEL DE CARROS;NM;LCAM3;10.215.988/0001-60
MSRO;MAESTROLOC;CONSUMO CÍCLICO;DIVERSOS;ALUGUEL DE CARROS;M2;MSRO3;08.795.211/0001-70
MOVI;MOVIDA;CONSUMO CÍCLICO;DIVERSOS;ALUGUEL DE CARROS;NM;MOVI3;21.314.559/0001-66
UNID;UNIDAS;CONSUMO CÍCLICO;DIVERSOS;ALUGUEL DE CARROS;;;
SMLS;SMILES;CONSUMO CÍCLICO;DIVERSOS;PROGRAMAS DE FIDELIZAÇÃO;NM;SMLS3;05.730.375/0001-20
ARZZ;AREZZO CO;CONSUMO CÍCLICO;COMÉRCIO;TECIDOS, VESTUÁRIO E CALÇADOS;NM;ARZZ3;16.590.234/0001-76
CEAB;CEA MODAS;CONSUMO CÍCLICO;COMÉRCIO;TECIDOS, VESTUÁRIO E CALÇADOS;NM;CEAB3;45.242.914/0001-05
CGRA;GRAZZIOTIN;CONSUMO CÍCLICO;COMÉRCIO;TECIDOS, VESTUÁRIO E CALÇADOS;;CGRA4, CGRA3;92.012.467/0001-70
GUAR;GUARARAPES;CONSUMO CÍCLICO;COMÉRCIO;TECIDOS, VESTUÁRIO E CALÇADOS;;GUAR3;08.402.943/0001-52
LLIS;LE LIS BLANC;CONSUMO CÍCLICO;COMÉRCIO;TECIDOS, VESTUÁRIO E CALÇADOS;NM;LLIS3;49.669.856/0001-43
AMAR;LOJAS MARISA;CONSUMO CÍCLICO;COMÉRCIO;TECIDOS, VESTUÁRIO E CALÇADOS;NM;AMAR3;61.189.288/0001-89
LREN;LOJAS RENNER;CONSUMO CÍCLICO;COMÉRCIO;TECIDOS, VESTUÁRIO E CALÇADOS;NM;LREN3;92.754.738/0001-62
MGLU;MAGAZ LUIZA;CONSUMO CÍCLICO;COMÉRCIO;ELETRODOMÉSTICOS;NM;MGLU3;47.960.950/0001-21
VVAR;VIAVAREJO;CONSUMO CÍCLICO;COMÉRCIO;ELETRODOMÉSTICOS;NM;VVAR3;33.041.260/0652-90
BTOW;B2W DIGITAL;CONSUMO CÍCLICO;COMÉRCIO;PRODUTOS DIVERSOS;NM;BTOW3;00.776.574/0001-56
CNTO;CENTAURO;CONSUMO CÍCLICO;COMÉRCIO;PRODUTOS DIVERSOS;NM;CNTO3;13.217.485/0001-11
LAME;LOJAS AMERIC;CONSUMO CÍCLICO;COMÉRCIO;PRODUTOS DIVERSOS;N1;LAME3, LAME4;33.014.556/0001-96
SLED;SARAIVA LIVR;CONSUMO CÍCLICO;COMÉRCIO;PRODUTOS DIVERSOS;N2;SLED4, SLED3;60.500.139/0001-26
BIOM;BIOMM;SAÚDE;MEDICAMENTOS E OUTROS PRODUTOS;MEDICAMENTOS E OUTROS PRODUTOS;MA;BIOM3;04.752.991/0001-10
GBIO;BIOTOSCANA;SAÚDE;MEDICAMENTOS E OUTROS PRODUTOS;MEDICAMENTOS E OUTROS PRODUTOS;DR3;GBIO33;19.688.956/0001-56
NRTQ;NORTCQUIMICA;SAÚDE;MEDICAMENTOS E OUTROS PRODUTOS;MEDICAMENTOS E OUTROS PRODUTOS;MA;NRTQ3;29.950.060/0001-57
OFSA;OUROFINO S/A;SAÚDE;MEDICAMENTOS E OUTROS PRODUTOS;MEDICAMENTOS E OUTROS PRODUTOS;NM;OFSA3;20.258.278/0001-70
ADHM;ADVANCED-DH;SAÚDE;SERVIÇOS MÉDICO - HOSPITALARES, ANÁLISES E DIAGNÓSTICOS;SERVIÇOS MÉDICO - HOSPITALARES, ANÁLISES E DIAGNÓSTICOS;;ADHM1, ADHM3;10.345.009/0001-98
AALR;ALLIAR;SAÚDE;SERVIÇOS MÉDICO - HOSPITALARES, ANÁLISES E DIAGNÓSTICOS;SERVIÇOS MÉDICO - HOSPITALARES, ANÁLISES E DIAGNÓSTICOS;NM;AALR3;42.771.949/0001-35
DASA;DASA;SAÚDE;SERVIÇOS MÉDICO - HOSPITALARES, ANÁLISES E DIAGNÓSTICOS;SERVIÇOS MÉDICO - HOSPITALARES, ANÁLISES E DIAGNÓSTICOS;;DASA3;61.486.650/0001-83
FLRY;FLEURY;SAÚDE;SERVIÇOS MÉDICO - HOSPITALARES, ANÁLISES E DIAGNÓSTICOS;SERVIÇOS MÉDICO - HOSPITALARES, ANÁLISES E DIAGNÓSTICOS;NM;FLRY3;60.840.055/0001-31
HAPV;HAPVIDA;SAÚDE;SERVIÇOS MÉDICO - HOSPITALARES, ANÁLISES E DIAGNÓSTICOS;SERVIÇOS MÉDICO - HOSPITALARES, ANÁLISES E DIAGNÓSTICOS;NM;HAPV3;05.197.443/0001-38
PARD;IHPARDINI;SAÚDE;SERVIÇOS MÉDICO - HOSPITALARES, ANÁLISES E DIAGNÓSTICOS;SERVIÇOS MÉDICO - HOSPITALARES, ANÁLISES E DIAGNÓSTICOS;NM;PARD3;19.378.769/0001-76
GNDI;INTERMEDICA;SAÚDE;SERVIÇOS MÉDICO - HOSPITALARES, ANÁLISES E DIAGNÓSTICOS;SERVIÇOS MÉDICO - HOSPITALARES, ANÁLISES E DIAGNÓSTICOS;NM;GNDI3;19.853.511/0001-84
ODPV;ODONTOPREV;SAÚDE;SERVIÇOS MÉDICO - HOSPITALARES, ANÁLISES E DIAGNÓSTICOS;SERVIÇOS MÉDICO - HOSPITALARES, ANÁLISES E DIAGNÓSTICOS;NM;ODPV3;58.119.199/0001-51
QUAL;QUALICORP;SAÚDE;SERVIÇOS MÉDICO - HOSPITALARES, ANÁLISES E DIAGNÓSTICOS;SERVIÇOS MÉDICO - HOSPITALARES, ANÁLISES E DIAGNÓSTICOS;NM;QUAL3;11.992.680/0001-93
BALM;BAUMER;SAÚDE;EQUIPAMENTOS;EQUIPAMENTOS;;BALM4, BALM3;61.374.161/0001-30
LMED;LIFEMED;SAÚDE;EQUIPAMENTOS;EQUIPAMENTOS;MA;LMED3;02.357.251/0001-53
PNVL;DIMED;SAÚDE;COMÉRCIO E DISTRIBUIÇÃO;MEDICAMENTOS E OUTROS PRODUTOS;;PNVL4, PNVL3;92.665.611/0001-77
HYPE;HYPERA;SAÚDE;COMÉRCIO E DISTRIBUIÇÃO;MEDICAMENTOS E OUTROS PRODUTOS;NM;HYPE3;02.932.074/0001-91
PFRM;PROFARMA;SAÚDE;COMÉRCIO E DISTRIBUIÇÃO;MEDICAMENTOS E OUTROS PRODUTOS;NM;PFRM3;45.453.214/0001-51
RADL;RAIADROGASIL;SAÚDE;COMÉRCIO E DISTRIBUIÇÃO;MEDICAMENTOS E OUTROS PRODUTOS;NM;RADL3;61.585.865/0001-51
POSI;POSITIVO TEC;TECNOLOGIA DA INFORMAÇÃO;COMPUTADORES E EQUIPAMENTOS;COMPUTADORES E EQUIPAMENTOS;NM;POSI3;81.243.735/0001-48
BRQB;BRQ;TECNOLOGIA DA INFORMAÇÃO;PROGRAMAS E SERVIÇOS;PROGRAMAS E SERVIÇOS;MA;BRQB3;36.542.025/0001-64
LINX;LINX;TECNOLOGIA DA INFORMAÇÃO;PROGRAMAS E SERVIÇOS;PROGRAMAS E SERVIÇOS;NM;LINX3;06.948.969/0001-75
LWSA;LOCAWEB;TECNOLOGIA DA INFORMAÇÃO;PROGRAMAS E SERVIÇOS;PROGRAMAS E SERVIÇOS;NM;LWSA3;02.351.877/0001-52
QUSW;QUALITY SOFT;TECNOLOGIA DA INFORMAÇÃO;PROGRAMAS E SERVIÇOS;PROGRAMAS E SERVIÇOS;MA;QUSW3;35.791.391/0001-94
SQIA;SINQIA;TECNOLOGIA DA INFORMAÇÃO;PROGRAMAS E SERVIÇOS;PROGRAMAS E SERVIÇOS;NM;SQIA3;04.065.791/0001-99
TOTS;TOTVS;TECNOLOGIA DA INFORMAÇÃO;PROGRAMAS E SERVIÇOS;PROGRAMAS E SERVIÇOS;NM;TOTS3;53.113.791/0001-22
ALGT;ALGAR TELEC;COMUNICAÇÕES;TELECOMUNICAÇÕES;TELECOMUNICAÇÕES;;;
OIBR;OI;COMUNICAÇÕES;TELECOMUNICAÇÕES;TELECOMUNICAÇÕES;N1;OIBR4, OIBR3;76.535.764/0001-43
TELB;TELEBRAS;COMUNICAÇÕES;TELECOMUNICAÇÕES;TELECOMUNICAÇÕES;;TELB4, TELB3;00.336.701/0001-04
VIVT;TELEF BRASIL;COMUNICAÇÕES;TELECOMUNICAÇÕES;TELECOMUNICAÇÕES;;VIVT3, VIVT4;02.558.157/0001-62
TIMP;TIM PART S/A;COMUNICAÇÕES;TELECOMUNICAÇÕES;TELECOMUNICAÇÕES;NM;TIMP3;02.558.115/0001-21
CNSY;CINESYSTEM;COMUNICAÇÕES;MÍDIA;PRODUÇÃO E DIFUSÃO DE FILMES E PROGRAMAS;MA;CNSY3;07.437.016/0001-05
AESL;AES SUL;UTILIDADE PÚBLICA;ENERGIA ELÉTRICA;ENERGIA ELÉTRICA;;;
TIET;AES TIETE E;UTILIDADE PÚBLICA;ENERGIA ELÉTRICA;ENERGIA ELÉTRICA;N2;TIET11, TIET3, TIET4;04.128.563/0001-10
AFLT;AFLUENTE T;UTILIDADE PÚBLICA;ENERGIA ELÉTRICA;ENERGIA ELÉTRICA;;AFLT3;10.338.320/0001-00
ALUP;ALUPAR;UTILIDADE PÚBLICA;ENERGIA ELÉTRICA;ENERGIA ELÉTRICA;N2;ALUP11, ALUP3, ALUP4;08.364.948/0001-38
CBEE;AMPLA ENERG;UTILIDADE PÚBLICA;ENERGIA ELÉTRICA;ENERGIA ELÉTRICA;;CBEE3;33.050.071/0001-58
CPTE;CACHOEIRA;UTILIDADE PÚBLICA;ENERGIA ELÉTRICA;ENERGIA ELÉTRICA;MB;;
CEBR;CEB;UTILIDADE PÚBLICA;ENERGIA ELÉTRICA;ENERGIA ELÉTRICA;;CEBR6, CEBR5, CEBR3;00.070.698/0001-11
CEED;CEEE-D;UTILIDADE PÚBLICA;ENERGIA ELÉTRICA;ENERGIA ELÉTRICA;N1;CEED4, CEED3;08.467.115/0001-00
EEEL;CEEE-GT;UTILIDADE PÚBLICA;ENERGIA ELÉTRICA;ENERGIA ELÉTRICA;N1;EEEL4, EEEL3;92.715.812/0001-31
CLSC;CELESC;UTILIDADE PÚBLICA;ENERGIA ELÉTRICA;ENERGIA ELÉTRICA;N2;CLSC4, CLSC3;83.878.892/0001-55
GPAR;CELGPAR;UTILIDADE PÚBLICA;ENERGIA ELÉTRICA;ENERGIA ELÉTRICA;;GPAR3;08.560.444/0001-93
CEPE;CELPE;UTILIDADE PÚBLICA;ENERGIA ELÉTRICA;ENERGIA ELÉTRICA;;CEPE5, CEPE3;10.835.932/0001-08
CMIG;CEMIG;UTILIDADE PÚBLICA;ENERGIA ELÉTRICA;ENERGIA ELÉTRICA;N1;CMIG4, CMIG3;17.155.730/0001-64
CMGD;CEMIG DIST;UTILIDADE PÚBLICA;ENERGIA ELÉTRICA;ENERGIA ELÉTRICA;;;
CMGT;CEMIG GT;UTILIDADE PÚBLICA;ENERGIA ELÉTRICA;ENERGIA ELÉTRICA;;;
CESP;CESP;UTILIDADE PÚBLICA;ENERGIA ELÉTRICA;ENERGIA ELÉTRICA;N1;CESP6, CESP5, CESP3;60.933.603/0001-78
CEEB;COELBA;UTILIDADE PÚBLICA;ENERGIA ELÉTRICA;ENERGIA ELÉTRICA;;CEEB3, CEEB5, CEEB6;15.139.629/0001-94
COCE;COELCE;UTILIDADE PÚBLICA;ENERGIA ELÉTRICA;ENERGIA ELÉTRICA;;COCE6, COCE5, COCE3;07.047.251/0001-70
CPLE;COPEL;UTILIDADE PÚBLICA;ENERGIA ELÉTRICA;ENERGIA ELÉTRICA;N1;CPLE6, CPLE5, CPLE3;76.483.817/0001-20
CSRN;COSERN;UTILIDADE PÚBLICA;ENERGIA ELÉTRICA;ENERGIA ELÉTRICA;;CSRN3, CSRN5, CSRN6;08.324.196/0001-81
CPFE;CPFL ENERGIA;UTILIDADE PÚBLICA;ENERGIA ELÉTRICA;ENERGIA ELÉTRICA;NM;CPFE3;02.429.144/0001-93
CPFG;CPFL GERACAO;UTILIDADE PÚBLICA;ENERGIA ELÉTRICA;ENERGIA ELÉTRICA;;;
CPFP;CPFL PIRATIN;UTILIDADE PÚBLICA;ENERGIA ELÉTRICA;ENERGIA ELÉTRICA;;;
CPRE;CPFL RENOVAV;UTILIDADE PÚBLICA;ENERGIA ELÉTRICA;ENERGIA ELÉTRICA;NM;CPRE3;08.439.659/0001-50
EBEN;EBE;UTILIDADE PÚBLICA;ENERGIA ELÉTRICA;ENERGIA ELÉTRICA;;;
EKTR;ELEKTRO;UTILIDADE PÚBLICA;ENERGIA ELÉTRICA;ENERGIA ELÉTRICA;;EKTR3, EKTR4;02.328.280/0001-97
ELET;ELETROBRAS;UTILIDADE PÚBLICA;ENERGIA ELÉTRICA;ENERGIA ELÉTRICA;N1;ELET3, ELET5, ELET6;00.001.180/0001-26
LIPR;ELETROPAR;UTILIDADE PÚBLICA;ENERGIA ELÉTRICA;ENERGIA ELÉTRICA;;LIPR3;01.104.937/0001-70
EMAE;EMAE;UTILIDADE PÚBLICA;ENERGIA ELÉTRICA;ENERGIA ELÉTRICA;;EMAE3, EMAE4;02.302.101/0001-42
ENBR;ENERGIAS BR;UTILIDADE PÚBLICA;ENERGIA ELÉTRICA;ENERGIA ELÉTRICA;NM;ENBR3;03.983.431/0001-03
ENGI;ENERGISA;UTILIDADE PÚBLICA;ENERGIA ELÉTRICA;ENERGIA ELÉTRICA;N2;ENGI11, ENGI3, ENGI4;00.864.214/0001-06
ENMT;ENERGISA MT;UTILIDADE PÚBLICA;ENERGIA ELÉTRICA;ENERGIA ELÉTRICA;;ENMT3, ENMT4;03.467.321/0001-99
ENER;ENERSUL;UTILIDADE PÚBLICA;ENERGIA ELÉTRICA;ENERGIA ELÉTRICA;;;
ENEV;ENEVA;UTILIDADE PÚBLICA;ENERGIA ELÉTRICA;ENERGIA ELÉTRICA;NM;ENEV3;04.423.567/0001-21
EGIE;ENGIE BRASIL;UTILIDADE PÚBLICA;ENERGIA ELÉTRICA;ENERGIA ELÉTRICA;NM;EGIE3;02.474.103/0001-19
EQPA;EQTL PARA;UTILIDADE PÚBLICA;ENERGIA ELÉTRICA;ENERGIA ELÉTRICA;;EQPA3, EQPA5, EQPA6, EQPA7;04.895.728/0001-80
EQMA;EQTLMARANHAO;UTILIDADE PÚBLICA;ENERGIA ELÉTRICA;ENERGIA ELÉTRICA;MB;;
EQTL;EQUATORIAL;UTILIDADE PÚBLICA;ENERGIA ELÉTRICA;ENERGIA ELÉTRICA;NM;EQTL3;03.220.438/0001-73
ESCE;ESCELSA;UTILIDADE PÚBLICA;ENERGIA ELÉTRICA;ENERGIA ELÉTRICA;;;
FGEN;FGENERGIA;UTILIDADE PÚBLICA;ENERGIA ELÉTRICA;ENERGIA ELÉTRICA;;;
GEPA;GER PARANAP;UTILIDADE PÚBLICA;ENERGIA ELÉTRICA;ENERGIA ELÉTRICA;;GEPA3, GEPA4;02.998.301/0001-81
ITPB;ITAPEBI;UTILIDADE PÚBLICA;ENERGIA ELÉTRICA;ENERGIA ELÉTRICA;;;
LIGH;LIGHT;UTILIDADE PÚBLICA;ENERGIA ELÉTRICA;ENERGIA ELÉTRICA;;;
LIGT;LIGHT S/A;UTILIDADE PÚBLICA;ENERGIA ELÉTRICA;ENERGIA ELÉTRICA;NM;LIGT3;03.378.521/0001-75
NEOE;NEOENERGIA;UTILIDADE PÚBLICA;ENERGIA ELÉTRICA;ENERGIA ELÉTRICA;NM;NEOE3;01.083.200/0001-18
OMGE;OMEGA GER;UTILIDADE PÚBLICA;ENERGIA ELÉTRICA;ENERGIA ELÉTRICA;NM;OMGE3;09.149.503/0001-06
PALF;PAUL F LUZ;UTILIDADE PÚBLICA;ENERGIA ELÉTRICA;ENERGIA ELÉTRICA;;;
PRMN;PROMAN;UTILIDADE PÚBLICA;ENERGIA ELÉTRICA;ENERGIA ELÉTRICA;MB;PRMN3B;02.291.077/0001-93
REDE;REDE ENERGIA;UTILIDADE PÚBLICA;ENERGIA ELÉTRICA;ENERGIA ELÉTRICA;;REDE3;61.584.140/0001-49
RNEW;RENOVA;UTILIDADE PÚBLICA;ENERGIA ELÉTRICA;ENERGIA ELÉTRICA;N2;RNEW11, RNEW4, RNEW3;08.534.605/0001-74
STKF;STATKRAFT;UTILIDADE PÚBLICA;ENERGIA ELÉTRICA;ENERGIA ELÉTRICA;;STKF3;00.622.416/0001-41
STEN;STO ANTONIO;UTILIDADE PÚBLICA;ENERGIA ELÉTRICA;ENERGIA ELÉTRICA;;;
TAEE;TAESA;UTILIDADE PÚBLICA;ENERGIA ELÉTRICA;ENERGIA ELÉTRICA;N2;TAEE11, TAEE3, TAEE4;07.859.971/0001-30
TMPE;TERMOPE;UTILIDADE PÚBLICA;ENERGIA ELÉTRICA;ENERGIA ELÉTRICA;;;
TEPE;TERM. PE III;UTILIDADE PÚBLICA;ENERGIA ELÉTRICA;ENERGIA ELÉTRICA;;;
TRPL;TRAN PAULIST;UTILIDADE PÚBLICA;ENERGIA ELÉTRICA;ENERGIA ELÉTRICA;N1;TRPL3, TRPL4;02.998.611/0001-04
UPKP;UPTICK;UTILIDADE PÚBLICA;ENERGIA ELÉTRICA;ENERGIA ELÉTRICA;MB;UPKP3B;02.162.616/0001-94
CASN;CASAN;UTILIDADE PÚBLICA;ÁGUA E SANEAMENTO;ÁGUA E SANEAMENTO;;CASN4, CASN3;82.508.433/0001-17
CSMG;COPASA;UTILIDADE PÚBLICA;ÁGUA E SANEAMENTO;ÁGUA E SANEAMENTO;NM;CSMG3;17.281.106/0001-03
IGSN;IGUA SA;UTILIDADE PÚBLICA;ÁGUA E SANEAMENTO;ÁGUA E SANEAMENTO;MA;IGSN3;08.159.965/0001-33
SBSP;SABESP;UTILIDADE PÚBLICA;ÁGUA E SANEAMENTO;ÁGUA E SANEAMENTO;NM;SBSP3;43.776.517/0001-80
SAPR;SANEPAR;UTILIDADE PÚBLICA;ÁGUA E SANEAMENTO;ÁGUA E SANEAMENTO;N2;SAPR4, SAPR3, SAPR11;76.484.013/0001-45
SNST;SANESALTO;UTILIDADE PÚBLICA;ÁGUA E SANEAMENTO;ÁGUA E SANEAMENTO;;;
CEGR;CEG;UTILIDADE PÚBLICA;GÁS;GÁS;;CEGR3;33.938.119/0001-69
CGAS;COMGAS;UTILIDADE PÚBLICA;GÁS;GÁS;;CGAS3, CGAS5;61.856.571/0001-17
ABCB;ABC BRASIL;FINANCEIRO;INTERMEDIÁRIOS FINANCEIROS;BANCOS;N2;ABCB4;28.195.667/0001-06
RPAD;ALFA HOLDING;FINANCEIRO;INTERMEDIÁRIOS FINANCEIROS;BANCOS;;RPAD3, RPAD5, RPAD6;17.167.396/0001-69
BRIV;ALFA INVEST;FINANCEIRO;INTERMEDIÁRIOS FINANCEIROS;BANCOS;;BRIV3, BRIV4;60.770.336/0001-65
BAZA;AMAZONIA;FINANCEIRO;INTERMEDIÁRIOS FINANCEIROS;BANCOS;;BAZA3;04.902.979/0001-44
BMGB;BANCO BMG;FINANCEIRO;INTERMEDIÁRIOS FINANCEIROS;BANCOS;N1;BMGB4;61.186.680/0001-74
BIDI;BANCO INTER;FINANCEIRO;INTERMEDIÁRIOS FINANCEIROS;BANCOS;N2;BIDI3, BIDI11, BIDI4;00.416.968/0001-01
BPAN;BANCO PAN;FINANCEIRO;INTERMEDIÁRIOS FINANCEIROS;BANCOS;N1;BPAN4;59.285.411/0001-13
BGIP;BANESE;FINANCEIRO;INTERMEDIÁRIOS FINANCEIROS;BANCOS;;BGIP3, BGIP4;13.009.717/0001-46
BEES;BANESTES;FINANCEIRO;INTERMEDIÁRIOS FINANCEIROS;BANCOS;;BEES3, BEES4;28.127.603/0001-78
BPAR;BANPARA;FINANCEIRO;INTERMEDIÁRIOS FINANCEIROS;BANCOS;;BPAR3;04.913.711/0001-08
BRSR;BANRISUL;FINANCEIRO;INTERMEDIÁRIOS FINANCEIROS;BANCOS;N1;BRSR6, BRSR5, BRSR3;92.702.067/0001-96
BBDC;BRADESCO;FINANCEIRO;INTERMEDIÁRIOS FINANCEIROS;BANCOS;N1;BBDC4, BBDC3;60.746.948/0001-12
BBAS;BRASIL;FINANCEIRO;INTERMEDIÁRIOS FINANCEIROS;BANCOS;NM;BBAS11, BBAS12, BBAS3;00.000.000/0001-91
BSLI;BRB BANCO;FINANCEIRO;INTERMEDIÁRIOS FINANCEIROS;BANCOS;;BSLI4, BSLI3;00.000.208/0001-00
BPAC;BTGP BANCO;FINANCEIRO;INTERMEDIÁRIOS FINANCEIROS;BANCOS;;BPAC11, BPAC3, BPAC5;30.306.294/0001-45
IDVL;INDUSVAL;FINANCEIRO;INTERMEDIÁRIOS FINANCEIROS;BANCOS;N2;IDVL3, IDVL4;61.024.352/0001-71
ITSA;ITAUSA;FINANCEIRO;INTERMEDIÁRIOS FINANCEIROS;BANCOS;N1;ITSA3, ITSA4;61.532.644/0001-15
ITUB;ITAUUNIBANCO;FINANCEIRO;INTERMEDIÁRIOS FINANCEIROS;BANCOS;N1;ITUB3, ITUB4;60.872.504/0001-23
BMEB;MERC BRASIL;FINANCEIRO;INTERMEDIÁRIOS FINANCEIROS;BANCOS;;BMEB3, BMEB4;17.184.037/0001-10
BMIN;MERC INVEST;FINANCEIRO;INTERMEDIÁRIOS FINANCEIROS;BANCOS;;BMIN3, BMIN4;34.169.557/0001-72
BNBR;NORD BRASIL;FINANCEIRO;INTERMEDIÁRIOS FINANCEIROS;BANCOS;;BNBR3;07.237.373/0001-20
PRBC;PARANA;FINANCEIRO;INTERMEDIÁRIOS FINANCEIROS;BANCOS;;;
PINE;PINE;FINANCEIRO;INTERMEDIÁRIOS FINANCEIROS;BANCOS;N2;PINE3, PINE4;62.144.175/0001-20
SANB;SANTANDER BR;FINANCEIRO;INTERMEDIÁRIOS FINANCEIROS;BANCOS;;SANB4, SANB3, SANB11;90.400.888/0001-42
CRIV;ALFA FINANC;FINANCEIRO;INTERMEDIÁRIOS FINANCEIROS;SOC. CRÉDITO E FINANCIAMENTO;;CRIV3, CRIV4;17.167.412/0001-13
FNCN;FINANSINOS;FINANCEIRO;INTERMEDIÁRIOS FINANCEIROS;SOC. CRÉDITO E FINANCIAMENTO;;FNCN3;91.669.747/0001-92
MERC;MERC FINANC;FINANCEIRO;INTERMEDIÁRIOS FINANCEIROS;SOC. CRÉDITO E FINANCIAMENTO;;MERC3, MERC4;33.040.601/0001-87
BDLS;BRADESCO LSG;FINANCEIRO;INTERMEDIÁRIOS FINANCEIROS;SOC. ARRENDAMENTO MERCANTIL;;;
BVLS;BV LEASING;FINANCEIRO;INTERMEDIÁRIOS FINANCEIROS;SOC. ARRENDAMENTO MERCANTIL;;;
DBEN;DIBENS LSG;FINANCEIRO;INTERMEDIÁRIOS FINANCEIROS;SOC. ARRENDAMENTO MERCANTIL;;;
BZRS;BRAZIL REALT;FINANCEIRO;SECURITIZADORAS DE RECEBÍVEIS;SECURITIZADORAS DE RECEBÍVEIS;;;
BSCS;BRAZILIAN SC;FINANCEIRO;SECURITIZADORAS DE RECEBÍVEIS;SECURITIZADORAS DE RECEBÍVEIS;;;
BRCS;BRC SECURIT;FINANCEIRO;SECURITIZADORAS DE RECEBÍVEIS;SECURITIZADORAS DE RECEBÍVEIS;;;
WTVR;BRPR 56 SEC;FINANCEIRO;SECURITIZADORAS DE RECEBÍVEIS;SECURITIZADORAS DE RECEBÍVEIS;;;
CBSC;CIBRASEC;FINANCEIRO;SECURITIZADORAS DE RECEBÍVEIS;SECURITIZADORAS DE RECEBÍVEIS;;;
ECOA;ECO SEC AGRO;FINANCEIRO;SECURITIZADORAS DE RECEBÍVEIS;SECURITIZADORAS DE RECEBÍVEIS;MB;;
GAFL;GAIA AGRO;FINANCEIRO;SECURITIZADORAS DE RECEBÍVEIS;SECURITIZADORAS DE RECEBÍVEIS;;GAFL-CRA02B0;14.876.090/0001-93
GAIA;GAIA SECURIT;FINANCEIRO;SECURITIZADORAS DE RECEBÍVEIS;SECURITIZADORAS DE RECEBÍVEIS;MB;;
OCTS;OCTANTE SEC;FINANCEIRO;SECURITIZADORAS DE RECEBÍVEIS;SECURITIZADORAS DE RECEBÍVEIS;;;
PDGS;PDG SECURIT;FINANCEIRO;SECURITIZADORAS DE RECEBÍVEIS;SECURITIZADORAS DE RECEBÍVEIS;;;
PLSC;POLO CAP SEC;FINANCEIRO;SECURITIZADORAS DE RECEBÍVEIS;SECURITIZADORAS DE RECEBÍVEIS;;;
RBRA;RBCAPITALRES;FINANCEIRO;SECURITIZADORAS DE RECEBÍVEIS;SECURITIZADORAS DE RECEBÍVEIS;MB;;
APCS;TRUESEC;FINANCEIRO;SECURITIZADORAS DE RECEBÍVEIS;SECURITIZADORAS DE RECEBÍVEIS;;APCS-CRI05B0;12.130.744/0001-00
VERT;VERTCIASEC;FINANCEIRO;SECURITIZADORAS DE RECEBÍVEIS;SECURITIZADORAS DE RECEBÍVEIS;;;
WTPI;WTORRE PIC;FINANCEIRO;SECURITIZADORAS DE RECEBÍVEIS;SECURITIZADORAS DE RECEBÍVEIS;;;
BNDP;BNDESPAR;FINANCEIRO;SERVIÇOS FINANCEIROS DIVERSOS;GESTÃO DE RECURSOS E INVESTIMENTOS;MB;;
BFRE;BRAZILIAN FR;FINANCEIRO;SERVIÇOS FINANCEIROS DIVERSOS;GESTÃO DE RECURSOS E INVESTIMENTOS;;;
GPIV;GP INVEST;FINANCEIRO;SERVIÇOS FINANCEIROS DIVERSOS;GESTÃO DE RECURSOS E INVESTIMENTOS;DR3;GPIV33;07.857.850/0001-50
IDNT;IDEIASNET;FINANCEIRO;SERVIÇOS FINANCEIROS DIVERSOS;GESTÃO DE RECURSOS E INVESTIMENTOS;;IDNT3;02.365.069/0001-44
PPLA;PPLA;FINANCEIRO;SERVIÇOS FINANCEIROS DIVERSOS;GESTÃO DE RECURSOS E INVESTIMENTOS;DR3;PPLA11;15.073.274/0001-88
B3SA;B3;FINANCEIRO;SERVIÇOS FINANCEIROS DIVERSOS;SERVIÇOS FINANCEIROS DIVERSOS;NM;B3SA3;09.346.601/0001-25
CIEL;CIELO;FINANCEIRO;SERVIÇOS FINANCEIROS DIVERSOS;SERVIÇOS FINANCEIROS DIVERSOS;NM;CIEL3;01.027.058/0001-91
BRGE;ALFA CONSORC;FINANCEIRO;PREVIDÊNCIA E SEGUROS;SEGURADORAS;;BRGE11, BRGE12, BRGE3, BRGE5, BRGE6, BRGE7, BRGE8;17.193.806/0001-46
BBSE;BBSEGURIDADE;FINANCEIRO;PREVIDÊNCIA E SEGUROS;SEGURADORAS;NM;BBSE3;17.344.597/0001-94
IRBR;IRBBRASIL RE;FINANCEIRO;PREVIDÊNCIA E SEGUROS;SEGURADORAS;NM;IRBR3;33.376.989/0001-91
PSSA;PORTO SEGURO;FINANCEIRO;PREVIDÊNCIA E SEGUROS;SEGURADORAS;NM;PSSA3;02.149.205/0001-69
CSAB;SEG AL BAHIA;FINANCEIRO;PREVIDÊNCIA E SEGUROS;SEGURADORAS;;CSAB3, CSAB4;15.144.017/0001-90
SULA;SUL AMERICA;FINANCEIRO;PREVIDÊNCIA E SEGUROS;SEGURADORAS;N2;SULA11, SULA3, SULA4;29.978.814/0001-87
APER;ALPER S.A.;FINANCEIRO;PREVIDÊNCIA E SEGUROS;CORRETORAS DE SEGUROS;NM;APER3;11.721.921/0001-60
WIZS;WIZ S.A.;FINANCEIRO;PREVIDÊNCIA E SEGUROS;CORRETORAS DE SEGUROS;NM;WIZS3;42.278.473/0001-03
ALSO;ALIANSCSONAE;FINANCEIRO;EXPLORAÇÃO DE IMÓVEIS;EXPLORAÇÃO DE IMÓVEIS;NM;ALSO3;05.878.397/0001-32
BRML;BR MALLS PAR;FINANCEIRO;EXPLORAÇÃO DE IMÓVEIS;EXPLORAÇÃO DE IMÓVEIS;NM;BRML3;06.977.745/0001-91
BRPR;BR PROPERT;FINANCEIRO;EXPLORAÇÃO DE IMÓVEIS;EXPLORAÇÃO DE IMÓVEIS;NM;BRPR3;06.977.751/0001-49
CORR;COR RIBEIRO;FINANCEIRO;EXPLORAÇÃO DE IMÓVEIS;EXPLORAÇÃO DE IMÓVEIS;;CORR3, CORR4;15.101.405/0001-93
CCPR;CYRE COM-CCP;FINANCEIRO;EXPLORAÇÃO DE IMÓVEIS;EXPLORAÇÃO DE IMÓVEIS;NM;CCPR3;08.801.621/0001-86
GSHP;GENERALSHOPP;FINANCEIRO;EXPLORAÇÃO DE IMÓVEIS;EXPLORAÇÃO DE IMÓVEIS;NM;GSHP3;08.764.621/0001-53
HBTS;HABITASUL;FINANCEIRO;EXPLORAÇÃO DE IMÓVEIS;EXPLORAÇÃO DE IMÓVEIS;;HBTS3, HBTS5, HBTS6;87.762.563/0001-03
IGBR;IGB S/A;FINANCEIRO;EXPLORAÇÃO DE IMÓVEIS;EXPLORAÇÃO DE IMÓVEIS;;IGBR3;43.185.362/0001-07
IGTA;IGUATEMI;FINANCEIRO;EXPLORAÇÃO DE IMÓVEIS;EXPLORAÇÃO DE IMÓVEIS;NM;IGTA3;51.218.147/0001-93
JPSA;JEREISSATI;FINANCEIRO;EXPLORAÇÃO DE IMÓVEIS;EXPLORAÇÃO DE IMÓVEIS;;JPSA3;60.543.816/0001-93
LOGG;LOG COM PROP;FINANCEIRO;EXPLORAÇÃO DE IMÓVEIS;EXPLORAÇÃO DE IMÓVEIS;NM;LOGG3;09.041.168/0001-10
MNZC;MENEZES CORT;FINANCEIRO;EXPLORAÇÃO DE IMÓVEIS;EXPLORAÇÃO DE IMÓVEIS;MB;MNZC3B;02.664.042/0001-52
MULT;MULTIPLAN;FINANCEIRO;EXPLORAÇÃO DE IMÓVEIS;EXPLORAÇÃO DE IMÓVEIS;N2;MULT3;07.816.890/0001-53
SCAR;SAO CARLOS;FINANCEIRO;EXPLORAÇÃO DE IMÓVEIS;EXPLORAÇÃO DE IMÓVEIS;NM;SCAR3;29.780.061/0001-09
BBRK;BR BROKERS;FINANCEIRO;EXPLORAÇÃO DE IMÓVEIS;INTERMEDIAÇÃO IMOBILIÁRIA;NM;BBRK3;08.613.550/0001-98
LPSB;LOPES BRASIL;FINANCEIRO;EXPLORAÇÃO DE IMÓVEIS;INTERMEDIAÇÃO IMOBILIÁRIA;NM;LPSB3;08.078.847/0001-09
MOAR;MONT ARANHA;FINANCEIRO;HOLDINGS DIVERSIFICADAS;HOLDINGS DIVERSIFICADAS;;MOAR3;33.102.476/0001-92
PEAB;PAR AL BAHIA;FINANCEIRO;HOLDINGS DIVERSIFICADAS;HOLDINGS DIVERSIFICADAS;;PEAB3, PEAB4;01.938.783/0001-11
SPRI;SPRINGER;FINANCEIRO;HOLDINGS DIVERSIFICADAS;HOLDINGS DIVERSIFICADAS;;SPRI3, SPRI5, SPRI6;92.929.520/0001-00
CTBA;CEPAC - CTBA;FINANCEIRO;OUTROS TÍTULOS;OUTROS TÍTULOS;MB;;
MCRJ;CEPAC - MCRJ;FINANCEIRO;OUTROS TÍTULOS;OUTROS TÍTULOS;MB;;
PMSP;CEPAC - PMSP;FINANCEIRO;OUTROS TÍTULOS;OUTROS TÍTULOS;MB;;
QVQP;524 PARTICIP;OUTROS;OUTROS;OUTROS;MB;QVQP3B;01.851.771/0001-55
ALEF;ALEF S/A;OUTROS;OUTROS;OUTROS;MB;ALEF3B;02.217.319/0001-07
ATOM;ATOMPAR;OUTROS;OUTROS;OUTROS;;ATOM3;00.359.742/0001-08
BETP;BETAPART;OUTROS;OUTROS;OUTROS;MB;BETP3B;02.762.124/0001-30
CABI;CABINDA PART;OUTROS;OUTROS;OUTROS;MB;CABI3B;04.030.182/0001-02
CACO;CACONDE PART;OUTROS;OUTROS;OUTROS;MB;CACO3B;04.031.213/0001-31
CPTP;CAPITALPART;OUTROS;OUTROS;OUTROS;MB;;
MAPT;CEMEPE;OUTROS;OUTROS;OUTROS;;MAPT4, MAPT3;93.828.986/0001-73
CMSA;CIMS;OUTROS;OUTROS;OUTROS;;CMSA3, CMSA4;00.272.185/0001-93
OPGM;GAMA PART;OUTROS;OUTROS;OUTROS;MB;OPGM3B;02.796.775/0001-40
FIGE;INVEST BEMGE;OUTROS;OUTROS;OUTROS;;FIGE3, FIGE4;01.548.981/0001-79
JBDU;J B DUARTE;OUTROS;OUTROS;OUTROS;;JBDU3, JBDU4;60.637.238/0001-54
SPRT;LONGDIS;OUTROS;OUTROS;OUTROS;MB;;
MGIP;MGI PARTICIP;OUTROS;OUTROS;OUTROS;;;
OPHE;OPPORT ENERG;OUTROS;OUTROS;OUTROS;MB;OPHE3B;02.318.346/0001-68
PPAR;POLPAR;OUTROS;OUTROS;OUTROS;;PPAR3;59.789.545/0001-71
PRPT;PROMPT PART;OUTROS;OUTROS;OUTROS;MB;PRPT3B;02.992.449/0001-09
SLCT;SELECTPART;OUTROS;OUTROS;OUTROS;MB;SLCT3B;02.604.860/0001-60
OPSE;SUDESTE S/A;OUTROS;OUTROS;OUTROS;MB;OPSE3B;02.062.747/0001-08
OPTS;SUL 116 PART;OUTROS;OUTROS;OUTROS;MB;OPTS3B;01.957.772/0001-89
RRRP;3R PETROLEUM;PETRÓLEO, GÁS E BIOCOMBUSTÍVEIS;PETRÓLEO. GÁS E BIOCOMBUSTÍVEIS;EXPLORAÇÃO. REFINO E DISTRIBUIÇÃO;NM;RRRP3;12.091.809/0001-55
AERI;AERIS;BENS INDUSTRIAIS;MÁQUINAS E EQUIPAMENTOS;MÁQ. E EQUIP. INDUSTRIAIS;NM;AERI3;12.528.708/0001-07
ALLD;ALLIED;CONSUMO CÍCLICO;COMÉRCIO;ELETRODOMÉSTICOS;NM;ALLD3;20.247.322/0001-47
ALPK;ESTAPAR;BENS INDUSTRIAIS;SERVIÇOS;SERVIÇOS DIVERSOS;NM;ALPK3;60.537.263/0001-66
AVLL;ALPHAVILLE;CONSUMO CÍCLICO;CONSTRUÇÃO CIVIL;INCORPORAÇÕES;NM;AVLL3;16.811.931/0001-00
AMBP;AMBIPAR;UTILIDADE PÚBLICA;ÁGUA E SANEAMENTO;ÁGUA E SANEAMENTO;NM;AMBP3;12.648.266/0001-24
AURA;AURA 360;MATERIAIS BÁSICOS;MINERAÇÃO;MINERAIS METÁLICOS;DR3;AURA33;07.857.093/0001-14
BOAS;BOA VISTA;FINANCEIRO;SERVIÇOS FINANCEIROS DIVERSOS;SERVIÇOS FINANCEIROS DIVERSOS;NM;BOAS3;11.725.176/0001-27
CURY;CURY S/A;CONSUMO CÍCLICO;CONSTRUÇÃO CIVIL;INCORPORAÇÕES;NM;CURY3;08.797.760/0001-83
DMVF;D1000VFARMA;SAÚDE;COMÉRCIO E DISTRIBUIÇÃO;MEDICAMENTOS E OUTROS PRODUTOS;NM;DMVF3;12.108.897/0001-50
ENJU;ENJOEI;TECNOLOGIA DA INFORMAÇÃO;PROGRAMAS E SERVIÇOS;PROGRAMAS E SERVIÇOS;NM;ENJU3;16.922.038/0001-51
SOMA;GRUPO SOMA;CONSUMO CÍCLICO;COMÉRCIO;TECIDOS, VESTUÁRIO E CALÇADOS;NM;SOMA3;10.285.590/0001-08
GMAT;GRUPO MATEUS;CONSUMO NÃO CÍCLICO;COMÉRCIO E DISTRIBUIÇÃO;ALIMENTOS;NM;GMAT3;24.990.777/0001-09
HBRE;HBR REALTY;FINANCEIRO;EXPLORAÇÃO DE IMÓVEIS;EXPLORAÇÃO DE IMÓVEIS;NM;HBRE3;14.785.152/0001-51
LAVV;LAVVI;CONSUMO CÍCLICO;CONSTRUÇÃO CIVIL;INCORPORAÇÕES;NM;LAVV3;26.462.693/0001-28
LJQQ;QUERO-QUERO;CONSUMO CÍCLICO;COMÉRCIO;PRODUTOS DIVERSOS;NM;LJQQ3;96.418.264/0218-02
CASH;MELIUZ;TECNOLOGIA DA INFORMAÇÃO;PROGRAMAS E SERVIÇOS;PROGRAMAS E SERVIÇOS;NM;CASH3;14.110.585/0001-07
MELK;MELNICK;CONSUMO CÍCLICO;CONSTRUÇÃO CIVIL;INCORPORAÇÕES;NM;MELK3;12.181.987/0001-77
NGRD;NEOGRID;TECNOLOGIA DA INFORMAÇÃO;PROGRAMAS E SERVIÇOS;PROGRAMAS E SERVIÇOS;NM;NGRD3;10.139.870/0001-08
PETZ;PETZ;CONSUMO CÍCLICO;COMÉRCIO;PRODUTOS DIVERSOS;NM;PETZ3;18.328.118/0001-09
PLPL;PLANOEPLANO;CONSUMO CÍCLICO;CONSTRUÇÃO CIVIL;INCORPORAÇÕES;NM;PLPL3;24.230.275/0001-80
RDOR;REDE D OR;SAÚDE;SERVIÇOS MÉDICO - HOSPITALARES, ANÁLISES E DIAGNÓSTICOS;SERVIÇOS MÉDICO - HOSPITALARES, ANÁLISES E DIAGNÓSTICOS;NM;RDOR3;06.047.087/0001-39
ASAI;ASSAI;CONSUMO NÃO CÍCLICO;COMÉRCIO E DISTRIBUIÇÃO;ALIMENTOS;NM;ASAI3;06.057.223/0001-71
SEQL;SEQUOIA LOG;BENS INDUSTRIAIS;SERVIÇOS;SERVIÇOS DIVERSOS;NM;SEQL3;01.599.101/0001-93
SIMH;SIMPAR;FINANCEIRO;HOLDINGS DIVERSIFICADAS;HOLDINGS DIVERSIFICADAS;NM;SIMH3;07.415.333/0001-20
TIMS;TIM;COMUNICAÇÕES;TELECOMUNICAÇÕES;TELECOMUNICAÇÕES;NM;TIMS3;02.421.421/0001-11
TFCO;TRACK FIELD;CONSUMO CÍCLICO;TECIDOS, VESTUÁRIO E CALÇADOS;VESTUÁRIO;N2;TFCO4;59.418.806/0001-47
CSED;CRUZEIRO EDU;CONSUMO CÍCLICO;DIVERSOS;SERVIÇOS EDUCACIONAIS;NM;CSED3;62.984.091/0001-02
CMIN;CSNMINERACAO;MATERIAIS BÁSICOS;MINERAÇÃO;MINERAIS METÁLICOS;N2;CMIN3;08.902.291/0001-15
DESK;DESKTOP;COMUNICAÇÕES;TELECOMUNICAÇÕES;TELECOMUNICAÇÕES;NM;DESK3;08.170.849/0001-15
DOTZ;DOTZ SA;CONSUMO CÍCLICO;DIVERSOS;PROGRAMAS DE FIDELIZAÇÃO;NM;DOTZ3;18.174.270/0001-84
ELMD;ELETROMIDIA;COMUNICAÇÕES;MÍDIA;PUBLICIDADE E PROPAGANDA;NM;ELMD3;09.347.516/0001-81
POWE;FOCUS ON;UTILIDADE PÚBLICA;ENERGIA ELÉTRICA;ENERGIA ELÉTRICA;NM;POWE3;26.735.020/0001-02
G2DI;G2D INVEST;FINANCEIRO;SERVIÇOS FINANCEIROS DIVERSOS;GESTÃO DE RECURSOS E INVESTIMENTOS;DR3;G2DI33;38.307.135/0001-77
NINJ;GETNINJAS;TECNOLOGIA DA INFORMAÇÃO;PROGRAMAS E SERVIÇOS;PROGRAMAS E SERVIÇOS;NM;NINJ3;14.127.813/0001-51
GGPS;GPS;BENS INDUSTRIAIS;SERVIÇOS;SERVIÇOS DIVERSOS;NM;GGPS3;09.229.201/0001-30
MATD;MATER DEI;SAÚDE;SERVIÇOS MÉDICO - HOSPITALARES, ANÁLISES E DIAGNÓSTICOS;SERVIÇOS MÉDICO - HOSPITALARES, ANÁLISES E DIAGNÓSTICOS;NM;MATD3;16.676.520/0001-59
AESB;AES BRASIL;UTILIDADE PÚBLICA;ENERGIA ELÉTRICA;ENERGIA ELÉTRICA;NM;AESB3;37.663.076/0001-07
AGXY;AGROGALAXY;CONSUMO NÃO CÍCLICO;AGROPECUÁRIA;AGRICULTURA;NM;AGXY3;21.240.146/0001-84
ARML;ARMAC;CONSUMO CÍCLICO;DIVERSOS;ALUGUEL DE CARROS;NM;ARML3;00.242.184/0001-04
MODL;MODALMAIS;FINANCEIRO;INTERMEDIÁRIOS FINANCEIROS;BANCOS;N2;MODL3, MODL4, MODL11;30.723.886/0001-62
BMOB;BEMOBI TECH;TECNOLOGIA DA INFORMAÇÃO;PROGRAMAS E SERVIÇOS;PROGRAMAS E SERVIÇOS;NM;BMOB3;09.042.817/0001-05
SOJA;BOA SAFRA;CONSUMO CÍCLICO;AGROPECUÁRIA;AGRICULTURA;NM;SOJA3;10.807.374/0001-77
BRBI;BR PARTNERS;FINANCEIRO;INTERMEDIÁRIOS FINANCEIROS;BANCOS;N2;BRBI11;10.739.356/0001-03
BRIT;BRISANET;COMUNICAÇÕES;TELECOMUNICAÇÕES;TELECOMUNICAÇÕES;NM;BRIT3;19.796.586/0001-70
CLSA;CLEARSALE;FINANCEIRO;SERVIÇOS FINANCEIROS DIVERSOS;SERVIÇOS FINANCEIROS DIVERSOS;NM;CLSA3;03.802.115/0001-98
CBAV;CBA;MATERIAIS BÁSICOS;MINERAÇÃO;MINERAIS METÁLICOS;NM;CBAV3;61.409.892/0001-73
GRAO;AGRIBRASIL;CONSUMO NÃO CÍCLICO;AGROPECUÁRIA;AGRICULTURA;MA;GRAO3;18.483.666/0001-03
IFCM;INFRACOMM;TECNOLOGIA DA INFORMAÇÃO;PROGRAMAS E SERVIÇOS;PROGRAMAS E SERVIÇOS;NM;IFCM3;38.456.921/0001-36
INTB;INTELBRAS;TECNOLOGIA DA INFORMAÇÃO;COMPUTADORES E EQUIPAMENTOS;COMPUTADORES E EQUIPAMENTOS;NM;INTB3;82.901.000/0001-27
JALL;JALLESMACHAD;CONSUMO NÃO CÍCLICO;ALIMENTOS PROCESSADOS;AÇUCAR E ALCOOL;NM;JALL3;02.635.522/0001-95
KLAS;KALLAS;CONSUMO CÍCLICO;CONSTRUÇÃO CIVIL;INCORPORAÇÕES;;KLAS3;09.146.451/0001-06
KRSA;KORA SAUDE;SAÚDE;SERVIÇOS MÉDICO - HOSPITALARES, ANÁLISES E DIAGNÓSTICOS;SERVIÇOS MÉDICO - HOSPITALARES, ANÁLISES E DIAGNÓSTICOS;NM;KRSA3;13.270.520/0001-66
LVTC;WDC NETWORKS;TECNOLOGIA DA INFORMAÇÃO;PROGRAMAS E SERVIÇOS;PROGRAMAS E SERVIÇOS;NM;LVTC3;05.917.486/0001-40
LLBI;LE BISCUIT;CONSUMO CÍCLICO;COMÉRCIO;PRODUTOS DIVERSOS;;LLBI3, LLBI4;16.233.389/0001-55
MBLY;MOBLY;TECNOLOGIA DA INFORMAÇÃO;PROGRAMAS E SERVIÇOS;PROGRAMAS E SERVIÇOS;NM;MBLY3;31.553.627/0001-01
MOSI;MOSAICO;TECNOLOGIA DA INFORMAÇÃO;PROGRAMAS E SERVIÇOS;PROGRAMAS E SERVIÇOS;NM;MOSI3;09.083.175/0001-84
ESPA;ESPACOLASER;CONSUMO CÍCLICO;COMÉRCIO;PRODUTOS DIVERSOS;NM;ESPA3;26.659.061/0001-59
MLAS;MULTILASER;TECNOLOGIA DA INFORMAÇÃO;COMPUTADORES E EQUIPAMENTOS;COMPUTADORES E EQUIPAMENTOS;NM;MLAS3;59.717.553/0001-02
OPCT;OCEANPACT;PETRÓLEO, GÁS E BIOCOMBUSTÍVEIS;PETRÓLEO, GÁS E BIOCOMBUSTÍVEIS;EQUIPAMENTOS E SERVIÇOS;NM;OPCT3;09.114.805/0001-30
ONCO;ONCOCLINICAS;SAÚDE;SERVIÇOS MÉDICO - HOSPITALARES, ANÁLISES E DIAGNÓSTICOS;SERVIÇOS MÉDICO - HOSPITALARES, ANÁLISES E DIAGNÓSTICOS;NM;ONCO3;12.104.241/0004-02
ORVR;ORIZON;UTILIDADE PÚBLICA;ÁGUA E SANEAMENTO;ÁGUA E SANEAMENTO;NM;ORVR3;11.421.994/0001-36
RECV;PETRORECSA;PETRÓLEO, GÁS E BIOCOMBUSTÍVEIS;PETRÓLEO, GÁS E BIOCOMBUSTÍVEIS;EXPLORAÇÃO, REFINO E DISTRIBUIÇÃO;NM;RECV3;03.342.704/0001-30
RAIZ;RAIZEN;CONSUMO NÃO CÍCLICO;AGROPECUÁRIA;AGRICULTURA;N2;RAIZ4;33.453.598/0001-23
RBNS;RODOBENS;BENS INDUSTRIAIS;COMÉRCIO;MATERIAL DE TRANSPORTE;;RBNS11;59.981.829/0001-65
TRAD;TC;TECNOLOGIA DA INFORMAÇÃO;PROGRAMAS E SERVIÇOS;PROGRAMAS E SERVIÇOS;NM;TRAD3;26.345.998/0001-50
TEGA;TEGRA INCORP;CONSUMO CÍCLICO;CONSTRUÇÃO CIVIL;INCORPORAÇÕES;;TEGA3;30.213.493/0001-09
LAND;TERRASANTAPA;CONSUMO NÃO CÍCLICO;AGROPECUÁRIA;AGRICULTURA;NM;LAND3;40.337.136/0001-06
TTEN;3TENTOS;CONSUMO NÃO CÍCLICO;AGROPECUÁRIA;AGRICULTURA;NM;TTEN3;94.813.102/0001-70
FIQE;UNIFIQUE;COMUNICAÇÕES;TELECOMUNICAÇÕES;TELECOMUNICAÇÕES;NM;FIQE3;02.255.187/0001-08
WEST;WESTWING;TECNOLOGIA DA INFORMAÇÃO;PROGRAMAS E SERVIÇOS;PROGRAMAS E SERVIÇOS;NM;WEST3;14.776.142/0001-50
